<?xml version="1.0" encoding="UTF-8"?>
<project-private xmlns="http://www.netbeans.org/ns/project-private/1">
    <editor-bookmarks xmlns="http://www.netbeans.org/ns/editor-bookmarks/2" lastBookmarkId="0"/>
    <open-files xmlns="http://www.netbeans.org/ns/projectui-open-files/2">
        <group>
            <file>file:/D:/New%20Folder/Data%20Insert/src/registration.java</file>
            <file>file:/D:/New%20Folder/Data%20Insert/src/Login.java</file>
            <file>file:/D:/New%20Folder/Data%20Insert/src/Home.java</file>
            <file>file:/D:/New%20Folder/Data%20Insert/src/data/insert/DataInsert.java</file>
            <file>file:/D:/New%20Folder/Data%20Insert/src/Forgot.java</file>
        </group>
    </open-files>
</project-private>
